gender,stage,topic,relation,raised-hands,visited-resources,announcements-view,discussion,parent-satisfaction,class
M,Primary,IT,Father,15,16,2,20,Good,M
M,Primary,IT,Father,20,20,3,25,Good,M
M,Primary,IT,Father,10,7,0,30,Bad,L
M,Primary,IT,Father,30,25,5,35,Bad,L
M,Primary,IT,Father,40,50,12,50,Bad,M
F,Primary,IT,Father,42,30,13,70,Bad,M
M,Junior,Math,Father,35,12,0,17,Bad,L
M,Junior,Math,Father,50,10,15,22,Good,M
F,Junior,Math,Father,12,21,16,50,Good,M
F,Junior,IT,Father,70,80,25,70,Good,M
M,Junior,Math,Father,50,88,30,80,Good,H
M,Junior,Math,Father,19,6,19,12,Good,M
M,Primary,IT,Father,5,1,0,11,Bad,L
M,Junior,Math,Father,20,14,12,19,Bad,L
F,Junior,Math,Mother,62,70,44,60,Bad,H
F,Junior,IT,Father,30,40,22,66,Good,M
M,Junior,IT,Father,36,30,20,80,Bad,M
M,Junior,Math,Father,55,13,35,90,Bad,M
F,Junior,IT,Mother,69,15,36,96,Good,M
M,Junior,IT,Mother,70,50,40,99,Good,H
F,Junior,IT,Father,60,60,33,90,Bad,M
F,Junior,IT,Father,10,12,4,80,Bad,M
M,Junior,IT,Father,15,21,2,90,Bad,M
M,Junior,IT,Father,2,0,2,50,Bad,L
M,Junior,IT,Father,0,2,3,70,Good,L
M,Junior,IT,Father,8,7,30,40,Good,L
M,Junior,IT,Father,19,19,25,40,Bad,M
M,Junior,Physics,Father,25,15,12,33,Bad,L
M,Junior,Science,Father,75,85,52,43,Good,M
F,Junior,Physics,Father,30,90,33,35,Bad,M
F,Junior,Physics,Father,35,80,50,70,Good,H
M,Junior,IT,Father,4,5,40,16,Good,L
F,Primary,IT,Father,2,19,10,50,Good,L
M,Primary,English,Father,8,22,9,40,Bad,L
M,Junior,Science,Father,12,11,8,40,Bad,L
M,Junior,English,Father,10,12,17,30,Bad,L
M,Junior,Science,Mother,8,6,4,22,Good,L
F,Junior,IT,Father,45,54,26,90,Good,M
M,Junior,IT,Father,0,0,0,4,Bad,L
F,Junior,Science,Father,50,90,37,70,Good,M
F,Junior,IT,Father,14,13,3,70,Bad,L
M,Junior,IT,Father,19,20,16,50,Good,M
M,Senior,IT,Father,10,12,7,33,Good,L
F,Senior,IT,Father,30,35,28,90,Good,M
F,Senior,IT,Father,33,33,30,90,Bad,M
M,Junior,Religion,Father,20,12,15,70,Good,L
M,Primary,English,Father,7,10,1,30,Bad,L
F,Senior,English,Mother,70,4,39,90,Good,H
F,Senior,English,Mother,13,80,40,88,Good,H
F,Senior,English,Father,29,39,50,77,Good,M
F,Senior,English,Father,20,14,12,70,Bad,L
M,Senior,English,Father,39,15,16,50,Good,L
F,Senior,English,Father,55,90,16,40,Bad,M
F,Senior,Science,Mother,49,70,19,75,Good,H
M,Senior,English,Mother,12,50,8,30,Bad,L
M,Junior,Math,Father,16,14,6,20,Good,L
M,Junior,Math,Father,19,5,4,1,Good,L
M,Junior,Math,Father,5,2,6,5,Good,L
M,Junior,Math,Father,28,60,19,50,Good,M
F,Junior,Math,Father,27,22,22,40,Good,M
F,Primary,English,Mother,21,10,28,20,Good,L
M,Senior,IT,Father,50,70,32,40,Good,M
M,Senior,IT,Mother,80,90,70,80,Good,H
M,Senior,IT,Father,17,13,16,12,Bad,M
M,Senior,IT,Father,0,5,7,2,Bad,L
M,Senior,English,Father,13,5,18,19,Bad,L
F,Senior,English,Father,25,10,19,30,Bad,M
F,Senior,English,Mother,65,75,23,80,Good,H
F,Senior,IT,Mother,70,69,35,30,Good,H
M,Junior,IT,Father,39,40,11,33,Bad,M
M,Junior,IT,Father,22,30,10,12,Good,L
M,Junior,IT,Father,29,22,9,20,Good,M
M,Junior,Math,Father,11,2,2,8,Bad,L
F,Junior,English,Father,19,30,26,19,Bad,M
M,Junior,IT,Father,12,0,6,13,Bad,L
M,Junior,Religion,Mother,50,90,29,60,Good,M
M,Senior,IT,Mother,15,70,37,44,Good,M
M,Senior,IT,Father,20,80,33,33,Good,M
M,Senior,Religion,Father,13,3,11,9,Bad,L
F,Junior,Math,Mother,80,90,49,55,Bad,H
M,Junior,Math,Father,8,15,10,40,Bad,L
M,Primary,IT,Father,8,25,1,70,Bad,L
M,Primary,IT,Father,7,5,2,80,Good,L
M,Primary,IT,Father,7,4,10,50,Good,M
M,Primary,IT,Father,50,70,50,10,Good,H
M,Primary,IT,Father,1,0,1,12,Bad,L
M,Primary,IT,Father,70,12,40,50,Good,H
M,Primary,IT,Father,19,70,3,50,Bad,L
F,Primary,IT,Father,3,12,4,33,Bad,L
M,Primary,IT,Father,5,20,1,50,Good,L
M,Primary,IT,Father,4,8,10,60,Good,L
M,Primary,IT,Father,80,90,55,19,Good,H
F,Primary,IT,Father,50,70,19,15,Good,H
M,Primary,IT,Father,55,89,40,40,Good,H
F,Primary,IT,Father,80,44,35,10,Good,L
F,Primary,IT,Father,100,80,2,70,Bad,H
F,Primary,IT,Father,14,60,11,75,Good,H
F,Primary,IT,Father,6,2,38,12,Bad,M
F,Primary,IT,Father,10,3,0,30,Bad,M
M,Primary,IT,Father,50,7,9,50,Bad,M
M,Primary,IT,Father,50,90,40,90,Bad,M
F,Primary,IT,Mother,70,92,50,7,Good,H
F,Primary,IT,Father,2,6,2,8,Bad,L
M,Primary,IT,Father,1,7,6,10,Bad,L
M,Primary,IT,Father,0,12,3,3,Good,M
F,Primary,IT,Father,0,0,5,80,Good,L
F,Primary,IT,Father,12,26,7,40,Good,M
M,Primary,IT,Father,70,90,41,33,Bad,H
M,Primary,IT,Father,7,12,5,3,Bad,M
M,Primary,IT,Father,90,70,30,14,Bad,M
F,Primary,IT,Mother,70,88,55,40,Good,H
M,Primary,IT,Father,77,80,51,80,Good,M
M,Primary,IT,Father,2,5,3,50,Bad,L
M,Primary,IT,Father,25,27,0,69,Bad,L
M,Primary,IT,Father,11,2,0,50,Bad,L
M,Primary,IT,Father,0,8,11,70,Good,L
F,Primary,IT,Mother,77,80,12,19,Good,M
F,Primary,IT,Mother,25,29,40,17,Good,H
F,Primary,IT,Mother,24,35,23,22,Good,M
M,Primary,IT,Father,60,60,3,60,Bad,M
M,Primary,IT,Mother,21,12,0,50,Good,M
M,Primary,IT,Mother,0,4,8,30,Bad,L
F,Primary,IT,Father,66,90,55,12,Good,M
F,Primary,IT,Father,70,98,7,5,Good,M
M,Primary,IT,Father,0,6,4,15,Bad,L
M,Primary,IT,Father,12,30,0,17,Good,L
F,Primary,IT,Father,2,9,7,55,Good,M
M,Primary,IT,Father,55,33,6,9,Bad,L
M,Primary,IT,Father,12,10,20,16,Bad,L
M,Primary,IT,Father,70,90,2,2,Good,L
F,Primary,IT,Father,7,9,5,30,Bad,L
M,Primary,IT,Father,80,42,20,50,Good,M
M,Primary,IT,Father,0,3,10,3,Bad,L
M,Primary,IT,Father,12,60,0,70,Good,L
M,Junior,Religion,Father,80,80,15,70,Good,H
F,Junior,Religion,Mother,70,80,95,70,Good,H
F,Senior,Religion,Mother,70,80,95,70,Good,H
F,Senior,Religion,Mother,60,80,50,40,Bad,M
F,Junior,Religion,Mother,100,80,95,90,Bad,H
M,Junior,Religion,Mother,100,85,85,70,Bad,M
M,Junior,Religion,Father,10,60,5,20,Bad,L
M,Junior,Religion,Father,19,65,50,10,Bad,L
M,Junior,Religion,Father,10,75,55,11,Good,M
M,Junior,Religion,Father,80,90,55,19,Good,H
M,Junior,Religion,Father,10,10,15,19,Bad,L
M,Junior,Religion,Father,70,75,55,11,Bad,M
F,Junior,Religion,Mother,100,75,50,70,Good,H
F,Junior,Religion,Father,10,79,30,30,Bad,M
F,Junior,Religion,Father,60,55,30,40,Bad,M
F,Junior,Religion,Mother,100,75,50,70,Bad,H
M,Senior,Religion,Father,80,80,51,59,Good,H
M,Senior,Science,Father,23,63,71,89,Good,M
F,Senior,Science,Father,100,91,98,40,Bad,H
M,Senior,Spanish,Father,10,51,40,40,Bad,L
M,Senior,English,Father,70,50,33,41,Bad,M
M,Senior,Math,Father,70,58,73,91,Bad,H
F,Senior,French,Father,70,50,30,49,Good,M
M,Senior,Science,Father,70,50,33,40,Good,M
M,Junior,Science,Father,22,51,48,10,Bad,L
F,Junior,Science,Father,62,68,48,80,Good,M
F,Junior,Science,Mother,82,89,58,50,Good,H
M,Junior,Science,Mother,72,80,58,66,Bad,M
F,Primary,French,Mother,70,82,3,73,Bad,H
F,Primary,French,Mother,60,82,93,43,Bad,M
M,Primary,French,Mother,55,72,83,14,Good,M
F,Primary,French,Mother,72,65,73,66,Good,H
M,Primary,French,Mother,51,82,53,43,Bad,M
M,Primary,French,Mother,80,92,83,43,Good,H
M,Primary,French,Mother,60,52,23,33,Good,H
M,Primary,French,Mother,30,12,29,23,Bad,M
M,Primary,French,Father,40,62,83,33,Good,H
M,Primary,French,Mother,60,52,23,33,Good,M
M,Primary,French,Mother,20,22,53,13,Good,L
M,Primary,French,Mother,20,52,23,33,Good,L
F,Primary,French,Father,50,62,73,43,Bad,M
M,Primary,French,Father,10,2,13,53,Bad,L
M,Primary,French,Mother,60,52,23,33,Bad,H
F,Primary,French,Mother,15,52,83,11,Bad,M
F,Primary,French,Mother,80,42,33,13,Bad,H
M,Primary,French,Mother,40,51,20,33,Bad,M
F,Primary,French,Father,60,70,63,93,Bad,H
M,Primary,French,Father,50,62,13,33,Bad,L
M,Junior,Physics,Mother,85,75,62,53,Bad,H
F,Junior,Physics,Father,25,15,32,53,Bad,M
M,Junior,Physics,Mother,10,35,30,13,Bad,L
M,Junior,Physics,Mother,87,65,82,33,Good,H
M,Junior,Physics,Mother,85,15,22,53,Good,M
F,Junior,Physics,Father,80,71,52,51,Good,M
M,Junior,Physics,Mother,75,71,72,53,Good,H
F,Junior,Physics,Father,85,66,12,23,Bad,M
M,Junior,Physics,Father,23,25,32,53,Bad,L
M,Junior,Physics,Father,15,25,37,13,Good,L
M,Junior,Physics,Mother,95,91,62,53,Good,M
M,Junior,Physics,Mother,81,75,62,53,Bad,M
M,Junior,Physics,Mother,53,75,72,23,Bad,M
M,Junior,Physics,Father,15,43,42,33,Good,M
M,Junior,Physics,Mother,92,65,62,53,Good,H
M,Junior,Physics,Mother,83,75,62,53,Bad,H
M,Junior,Physics,Father,27,15,42,53,Bad,L
M,Junior,Physics,Father,45,95,12,13,Bad,M
M,Junior,Physics,Mother,15,90,52,83,Bad,H
F,Junior,Physics,Mother,45,58,52,43,Good,H
M,Junior,Physics,Father,25,5,12,33,Good,M
F,Junior,Physics,Father,22,51,42,40,Bad,M
M,Junior,Physics,Father,29,10,12,24,Bad,L
F,Junior,Physics,Mother,72,51,42,24,Bad,H
M,Junior,Physics,Father,67,31,42,14,Good,M
M,Junior,Spanish,Father,17,21,42,14,Good,M
M,Junior,Spanish,Mother,27,41,49,14,Bad,M
M,Junior,Spanish,Father,70,81,39,84,Bad,M
M,Junior,Spanish,Mother,27,90,82,14,Good,H
M,Junior,Spanish,Father,17,61,42,14,Bad,M
M,Junior,Spanish,Mother,87,81,42,19,Good,H
M,Junior,Spanish,Father,7,61,22,14,Bad,L
M,Junior,Spanish,Father,17,50,2,4,Bad,L
M,Junior,Spanish,Father,5,21,42,14,Good,L
M,Junior,Spanish,Mother,27,41,32,61,Bad,M
F,Junior,Spanish,Father,87,88,40,10,Good,M
M,Junior,Spanish,Mother,96,61,42,94,Bad,H
M,Junior,Spanish,Mother,57,51,46,34,Good,M
M,Junior,Spanish,Father,77,69,41,13,Good,M
M,Junior,Spanish,Father,80,51,40,24,Good,M
M,Junior,Spanish,Father,62,61,82,40,Bad,M
M,Junior,Spanish,Mother,72,83,12,90,Good,H
M,Junior,Spanish,Mother,87,81,22,70,Bad,H
M,Junior,Spanish,Mother,72,90,12,30,Bad,M
M,Junior,Spanish,Father,2,11,62,30,Bad,L
M,Junior,Spanish,Father,5,3,2,10,Good,L
M,Senior,Math,Mother,73,84,77,81,Good,H
M,Junior,Spanish,Father,5,17,21,10,Bad,L
M,Junior,Spanish,Mother,51,42,12,29,Bad,M
M,Junior,Spanish,Father,9,7,21,20,Good,L
M,Junior,Religion,Father,19,72,15,50,Good,M
F,Junior,Science,Mother,32,80,58,46,Good,M
M,Junior,Science,Mother,32,60,58,66,Good,M
M,Junior,Science,Father,12,8,18,26,Bad,L
M,Junior,Science,Father,52,10,13,6,Bad,L
M,Junior,Science,Father,72,80,58,66,Good,M
F,Junior,Science,Mother,72,80,58,66,Good,M
M,Junior,Science,Mother,92,80,88,76,Good,H
M,Junior,Science,Mother,72,80,98,96,Bad,H
M,Junior,Science,Father,72,80,58,86,Good,M
M,Junior,Science,Father,22,20,18,6,Bad,L
M,Junior,Science,Father,12,20,38,46,Bad,M
M,Junior,IT,Mother,70,92,83,85,Bad,H
F,Junior,IT,Father,50,40,52,66,Bad,M
F,Junior,Science,Father,80,94,62,77,Good,H
F,Junior,Math,Father,87,48,82,96,Bad,M
F,Junior,Religion,Father,70,40,2,16,Bad,L
M,Primary,IT,Father,65,86,62,40,Good,M
M,Primary,Math,Father,15,6,32,40,Good,H
M,Primary,English,Mother,19,74,32,17,Good,L
F,Primary,Science,Father,69,76,82,94,Bad,M
M,Primary,Physics,Father,39,26,12,44,Bad,L
M,Primary,English,Father,59,97,42,70,Good,H
M,Primary,History,Father,10,17,12,40,Good,H
F,Primary,History,Mother,80,87,72,60,Good,H
F,Primary,History,Father,70,99,66,65,Good,M
F,Primary,History,Father,80,97,86,95,Good,M
M,Primary,English,Mother,69,34,12,17,Bad,L
M,Primary,History,Father,10,17,12,14,Bad,L
M,Primary,History,Father,61,97,82,64,Bad,M
F,Primary,History,Mother,21,27,52,34,Good,M
M,Primary,Math,Mother,49,94,42,7,Bad,M
F,Junior,English,Mother,70,64,42,32,Bad,M
F,Junior,English,Mother,79,84,82,37,Bad,H
M,Junior,English,Father,19,80,12,17,Good,M
M,Junior,English,Father,11,70,32,29,Good,M
M,Junior,English,Father,10,8,10,10,Bad,M
M,Junior,English,Father,18,28,40,20,Bad,M
F,Junior,English,Mother,90,84,52,30,Good,H
F,Junior,English,Mother,92,81,32,36,Good,M
M,Junior,English,Father,42,21,2,16,Bad,M
M,Junior,English,Father,22,20,6,26,Bad,H
F,Junior,English,Mother,95,82,82,70,Good,H
F,Junior,English,Mother,90,62,80,60,Good,H
M,Junior,English,Mother,72,21,22,26,Good,H
M,Junior,English,Mother,92,31,42,27,Good,H
M,Junior,English,Mother,82,31,52,25,Good,M
M,Junior,English,Mother,72,41,46,27,Good,M
M,Junior,English,Mother,74,71,56,37,Good,H
M,Junior,English,Mother,74,60,56,37,Good,H
F,Junior,English,Mother,95,94,72,80,Good,H
F,Junior,English,Mother,97,87,82,86,Good,H
M,Junior,English,Father,40,38,32,36,Bad,M
M,Junior,English,Father,41,39,35,39,Bad,M
F,Junior,English,Mother,51,79,85,89,Good,H
F,Junior,English,Mother,81,79,91,85,Good,H
M,Junior,English,Mother,71,70,65,69,Good,M
M,Junior,English,Mother,75,71,76,80,Good,M
F,Primary,Science,Father,49,36,32,44,Bad,L
F,Primary,Science,Father,42,24,12,24,Bad,L
F,Primary,Science,Mother,90,86,82,74,Good,H
F,Primary,Science,Mother,62,64,72,84,Good,H
M,Primary,Science,Father,90,86,82,74,Good,M
M,Primary,Science,Father,62,64,72,84,Good,M
F,Primary,Science,Mother,98,87,86,84,Good,H
F,Primary,Science,Mother,72,74,82,89,Good,H
M,Primary,Science,Father,18,17,26,34,Good,M
M,Primary,Science,Father,32,14,32,29,Good,M
M,Primary,Science,Father,10,12,20,13,Bad,L
M,Primary,Science,Father,22,34,15,9,Bad,L
F,Primary,Science,Mother,11,20,21,23,Bad,M
F,Primary,Science,Mother,12,44,25,39,Bad,M
F,Primary,Science,Father,15,50,24,43,Bad,M
F,Primary,Science,Father,32,44,29,89,Bad,M
M,Primary,Science,Mother,65,59,74,83,Good,H
M,Primary,Science,Mother,72,64,59,89,Good,H
M,Primary,Science,Mother,95,57,74,89,Good,M
M,Primary,Science,Mother,82,84,79,79,Good,M
M,Primary,Science,Father,25,29,34,33,Good,M
M,Primary,Science,Father,42,34,29,39,Good,M
F,Primary,Science,Mother,55,79,44,43,Good,H
F,Primary,Science,Mother,62,64,69,49,Good,H
F,Primary,Science,Mother,78,88,74,83,Good,H
F,Primary,Science,Mother,72,84,89,89,Good,H
M,Primary,French,Mother,60,92,83,23,Good,H
M,Primary,French,Mother,50,90,83,13,Good,H
F,Primary,French,Mother,60,97,13,3,Good,H
F,Primary,French,Mother,50,95,23,10,Good,H
F,Primary,French,Mother,60,87,23,11,Good,M
F,Primary,French,Mother,50,80,20,15,Good,M
M,Primary,French,Father,10,15,10,21,Bad,L
M,Primary,French,Father,30,10,20,5,Bad,L
M,Primary,French,Father,24,35,18,31,Bad,M
M,Primary,French,Father,27,20,33,35,Bad,M
M,Primary,French,Father,10,15,10,21,Bad,L
M,Primary,French,Father,30,10,20,5,Bad,L
F,Primary,French,Mother,80,77,63,83,Good,M
F,Primary,French,Mother,75,85,73,80,Good,M
M,Primary,French,Father,40,7,50,41,Good,L
M,Primary,French,Father,35,2,29,33,Good,L
F,Primary,French,Mother,10,90,30,21,Good,M
F,Primary,French,Mother,25,80,29,23,Good,M
M,Primary,French,Mother,10,8,9,3,Good,L
M,Primary,French,Mother,15,7,12,7,Good,L
F,Primary,French,Mother,70,90,20,21,Good,M
F,Primary,French,Mother,75,80,15,20,Good,M
F,Primary,French,Father,78,98,10,11,Good,M
F,Primary,French,Father,79,89,11,14,Good,M
F,Primary,French,Father,16,90,15,11,Good,M
F,Primary,French,Father,17,80,13,10,Good,M
M,Primary,French,Mother,40,87,50,41,Bad,M
M,Primary,French,Mother,35,92,29,33,Bad,M
F,Primary,French,Mother,14,97,15,14,Good,H
F,Primary,French,Mother,13,82,20,30,Good,H
F,Primary,French,Mother,24,97,15,14,Good,H
F,Primary,French,Mother,23,82,20,30,Good,H
M,Primary,French,Mother,20,3,9,3,Good,L
M,Primary,French,Mother,15,4,12,7,Good,L
M,Primary,French,Mother,5,13,6,6,Good,L
M,Primary,French,Mother,7,9,11,10,Good,L
F,Primary,French,Mother,10,94,40,11,Good,M
F,Primary,French,Mother,25,89,21,13,Good,M
M,Primary,French,Mother,30,98,42,21,Good,H
M,Primary,French,Mother,35,97,41,23,Good,H
M,Primary,French,Father,32,88,32,25,Good,M
M,Primary,French,Father,25,87,21,27,Good,M
F,Primary,French,Mother,72,98,52,15,Good,H
F,Primary,French,Mother,75,90,51,17,Good,H
M,Primary,Physics,Father,20,88,31,28,Good,M
M,Primary,Physics,Father,10,98,41,38,Good,M
M,Primary,Physics,Father,90,98,41,38,Good,H
M,Primary,Physics,Father,80,88,51,39,Good,H
M,Primary,Physics,Father,80,95,21,28,Good,H
M,Primary,Physics,Father,78,70,31,29,Good,H
M,Primary,Physics,Father,10,18,71,38,Good,M
M,Primary,Physics,Father,10,58,51,48,Good,M
F,Primary,Physics,Mother,98,88,60,31,Good,H
F,Primary,Physics,Mother,75,81,51,34,Good,H
M,Primary,Physics,Father,10,17,50,21,Bad,M
M,Primary,Physics,Father,35,2,29,23,Bad,M
F,Primary,Physics,Father,10,20,22,97,Bad,L
F,Primary,Physics,Father,5,9,19,98,Bad,L
M,Primary,Physics,Father,10,10,40,51,Bad,L
M,Primary,Physics,Father,35,2,29,23,Bad,L
M,Primary,Physics,Mother,20,90,50,61,Bad,M
M,Primary,Physics,Mother,32,82,59,63,Bad,M
M,Primary,Physics,Father,10,30,50,91,Bad,L
M,Primary,Physics,Father,12,22,59,83,Bad,L
F,Primary,Physics,Father,11,20,20,98,Bad,L
F,Primary,Physics,Father,10,12,29,93,Bad,L
M,Primary,Physics,Mother,69,82,20,28,Good,H
M,Primary,Physics,Mother,70,83,29,33,Good,H
F,Primary,Physics,Mother,89,92,40,28,Good,H
F,Primary,Physics,Mother,79,93,49,23,Good,H
M,Primary,Physics,Mother,15,90,21,97,Good,M
M,Primary,Physics,Mother,20,77,31,88,Good,M
M,Primary,Physics,Mother,4,10,11,7,Good,L
M,Primary,Physics,Mother,5,0,1,8,Good,L
F,Junior,Biology,Mother,88,81,50,10,Good,M
F,Junior,Biology,Mother,90,88,54,12,Good,M
F,Junior,Biology,Mother,86,98,50,20,Good,H
F,Junior,Biology,Mother,90,90,57,22,Good,H
M,Junior,Biology,Mother,78,91,50,40,Good,H
M,Junior,Biology,Mother,70,98,54,72,Good,H
M,Junior,Biology,Father,80,80,46,61,Bad,M
M,Junior,Biology,Father,85,82,59,63,Bad,M
M,Junior,Biology,Father,88,90,86,81,Good,H
M,Junior,Biology,Father,89,92,89,83,Good,H
M,Junior,Biology,Father,39,71,40,26,Good,M
M,Junior,Biology,Father,35,80,34,22,Good,M
M,Junior,Biology,Father,76,81,80,86,Good,H
M,Junior,Biology,Father,65,89,64,82,Good,H
F,Junior,Biology,Mother,96,95,70,70,Good,H
F,Junior,Biology,Mother,80,91,87,72,Good,H
M,Junior,Biology,Mother,2,9,10,1,Bad,L
M,Junior,Biology,Mother,3,8,19,3,Bad,L
M,Junior,Biology,Father,50,79,10,31,Bad,M
M,Junior,Biology,Father,53,88,9,33,Bad,M
F,Junior,Biology,Mother,70,89,12,21,Good,H
F,Junior,Biology,Mother,59,90,19,43,Good,H
M,Junior,Biology,Father,78,80,66,51,Good,M
M,Junior,Biology,Father,79,72,79,83,Good,M
F,Junior,Biology,Mother,10,9,2,1,Good,L
F,Junior,Biology,Mother,9,7,9,3,Good,L
M,Junior,Biology,Father,98,90,86,71,Good,H
M,Junior,Biology,Father,89,92,89,83,Good,H
M,Junior,Biology,Father,88,90,76,81,Good,H
M,Junior,Biology,Father,99,96,89,84,Good,H
F,Junior,Chemistry,Mother,82,89,22,31,Good,H
F,Junior,Chemistry,Mother,84,92,29,43,Good,H
F,Junior,Geology,Mother,70,69,46,45,Good,M
F,Junior,Geology,Mother,74,62,49,43,Good,M
F,Junior,Geology,Mother,90,79,76,79,Good,H
F,Junior,Geology,Mother,84,77,79,68,Good,H
M,Junior,Chemistry,Mother,80,80,62,11,Good,M
M,Junior,Chemistry,Mother,81,82,69,13,Good,M
M,Junior,Chemistry,Father,10,0,2,41,Bad,L
M,Junior,Chemistry,Father,11,2,9,49,Bad,L
M,Junior,Geology,Father,85,89,22,61,Bad,H
M,Junior,Geology,Father,80,89,23,68,Bad,H
M,Junior,Geology,Father,95,87,62,81,Bad,M
M,Junior,Geology,Father,87,79,73,98,Bad,M
M,Junior,Chemistry,Mother,85,87,72,10,Good,M
M,Junior,Chemistry,Mother,79,88,79,20,Good,M
M,Junior,Geology,Mother,80,81,71,30,Good,M
M,Junior,Geology,Mother,70,83,70,23,Good,M
M,Junior,Chemistry,Mother,80,82,76,19,Good,M
M,Junior,Chemistry,Mother,70,82,75,29,Good,M
M,Junior,Geology,Mother,89,87,86,15,Good,M
M,Junior,Geology,Mother,90,86,85,10,Good,M
M,Junior,History,Mother,69,77,76,75,Good,M
M,Junior,History,Mother,70,76,65,70,Good,M
M,Junior,Chemistry,Mother,75,72,64,39,Good,L
M,Junior,Chemistry,Mother,72,76,66,40,Good,L
M,Junior,Geology,Mother,77,82,74,79,Good,M
M,Junior,Geology,Mother,71,84,67,80,Good,M
M,Junior,History,Mother,87,92,74,89,Good,H
M,Junior,History,Mother,81,84,77,85,Good,H
F,Junior,Chemistry,Father,15,97,22,10,Good,H
F,Junior,Chemistry,Father,19,98,20,2,Good,H
F,Junior,Geology,Father,25,82,52,20,Good,M
F,Junior,Geology,Father,29,78,40,12,Good,M
F,Junior,History,Father,45,87,57,80,Good,M
F,Junior,History,Father,39,88,43,72,Good,M
F,Junior,Chemistry,Father,85,90,52,30,Good,H
F,Junior,Chemistry,Father,79,91,49,22,Good,H
M,Junior,Chemistry,Father,90,91,80,81,Good,H
M,Junior,Chemistry,Father,80,90,80,83,Good,H
M,Junior,Geology,Father,80,83,82,71,Good,M
M,Junior,Geology,Father,71,81,83,72,Good,M
M,Junior,History,Father,72,87,72,89,Good,M
M,Junior,History,Father,69,77,83,92,Good,M
F,Junior,Chemistry,Mother,85,99,42,90,Good,H
F,Junior,Chemistry,Mother,89,96,45,92,Good,H
F,Junior,Geology,Mother,80,82,64,58,Good,H
F,Junior,Geology,Mother,87,93,63,60,Good,H
F,Junior,Chemistry,Father,15,9,14,80,Bad,L
F,Junior,Chemistry,Father,9,6,15,85,Bad,L
M,Junior,History,Father,81,86,86,41,Good,M
M,Junior,History,Father,78,82,78,53,Good,M
M,Junior,Geology,Father,80,87,74,68,Good,M
M,Junior,Geology,Father,85,88,79,70,Good,M
F,Junior,Chemistry,Father,2,7,4,8,Bad,L
F,Junior,Chemistry,Father,5,4,5,8,Bad,L
F,Junior,Geology,Father,50,77,14,28,Bad,M
F,Junior,Geology,Father,55,74,25,29,Bad,M
F,Junior,History,Father,30,17,14,57,Bad,L
F,Junior,History,Father,35,14,23,62,Bad,L
